p_salutation,p_m_name,p_m_name,p_l_name,p_email_id,p_title,p_job_level,p_job_function,c_company,c_domain,c_industry,p_office_ext,p_office_number,p_mobile,address,address2,p_state,p_city,p_zip,p_country,p_hob_title_link,c_company_link,c_emp_size,c_revenue,c_revenue_link,c_nic,c_sic
Mr,pooja,mahesh,shinde,p@gmail.com,abc,Director,other,hi,kkkkk,information,,9600210021,9800210021,punw,pune,1,pune,415051,India,abc,BC,10000,100M,cds,a2,b2
Mr,pooja,mahesh,shinde,p@gmail.com,abc,Director,other,hi,kkkkk,information,,9600210021,9800210021,punw,pune,1,pune,415051,India,abc,BC,10000,100M,cds,a2,b2
Mr,pooja,mahesh,shinde,p@gmail.com,abc,Director,other,hi,kkkkk,information,,9600210021,9800210021,punw,pune,1,pune,415051,India,abc,BC,10000,100M,cds,a2,b2
Mr,pooja,mahesh,shinde,p@gmail.com,abc,Director,other,hi,kkkkk,information,,9600210021,9800210021,punw,pune,1,pune,415051,India,abc,BC,10000,100M,cds,a2,b2
Mr,pooja,mahesh,shinde,p@gmail.com,abc,Director,other,hi,kkkkk,information,,9600210021,9800210021,punw,pune,1,pune,415051,India,abc,BC,10000,100M,cds,a2,b2
Mr,pooja,mahesh,shinde,p@gmail.com,abc,Director,other,hi,kkkkk,information,,9600210021,9800210021,punw,pune,1,pune,415051,India,abc,BC,10000,100M,cds,a2,b2
Mr,pooja,mahesh,shinde,p@gmail.com,abc,Director,other,hi,kkkkk,information,,9600210021,9800210021,punw,pune,1,pune,415051,India,abc,BC,10000,100M,cds,a2,b2
Mr,pooja,mahesh,shinde,p@gmail.com,abc,Director,other,hi,kkkkk,information,,9600210021,9800210021,punw,pune,1,pune,415051,India,abc,BC,10000,100M,cds,a2,b2
Mr,pooja,mahesh,shinde,p@gmail.com,abc,Director,other,hi,kkkkk,information,,9600210021,9800210021,punw,pune,1,pune,415051,India,abc,BC,10000,100M,cds,a2,b2
Mr,pooja,mahesh,shinde,p@gmail.com,abc,Director,other,hi,kkkkk,information,,9600210021,9800210021,punw,pune,1,pune,415051,India,abc,BC,10000,100M,cds,a2,b2
Mr,pooja,mahesh,shinde,p@gmail.com,abc,Director,other,hi,kkkkk,information,,9600210021,9800210021,punw,pune,1,pune,415051,India,abc,BC,10000,100M,cds,a2,b2
Mr,pooja,mahesh,shinde,p@gmail.com,abc,Director,other,hi,kkkkk,information,,9600210021,9800210021,punw,pune,1,pune,415051,India,abc,BC,10000,100M,cds,a2,b2
Mr,pooja,mahesh,shinde,p@gmail.com,abc,Director,other,hi,kkkkk,information,,9600210021,9800210021,punw,pune,1,pune,415051,India,abc,BC,10000,100M,cds,a2,b2
Mr,pooja,mahesh,shinde,p@gmail.com,abc,Director,other,hi,kkkkk,information,,9600210021,9800210021,punw,pune,1,pune,415051,India,abc,BC,10000,100M,cds,a2,b2
Mr,pooja,mahesh,shinde,p@gmail.com,abc,Director,other,hi,kkkkk,information,,9600210021,9800210021,punw,pune,1,pune,415051,India,abc,BC,10000,100M,cds,a2,b2
Mr,pooja,mahesh,shinde,p@gmail.com,abc,Director,other,hi,kkkkk,information,,9600210021,9800210021,punw,pune,1,pune,415051,India,abc,BC,10000,100M,cds,a2,b2
Mr,pooja,mahesh,shinde,p@gmail.com,abc,Director,other,hi,kkkkk,information,,9600210021,9800210021,punw,pune,1,pune,415051,India,abc,BC,10000,100M,cds,a2,b2
Mr,pooja,mahesh,shinde,p@gmail.com,abc,Director,other,hi,kkkkk,information,,9600210021,9800210021,punw,pune,1,pune,415051,India,abc,BC,10000,100M,cds,a2,b2
Mr,pooja,mahesh,shinde,p@gmail.com,abc,Director,other,hi,kkkkk,information,,9600210021,9800210021,punw,pune,1,pune,415051,India,abc,BC,10000,100M,cds,a2,b2
Mr,pooja,mahesh,shinde,p@gmail.com,abc,Director,other,hi,kkkkk,information,,9600210021,9800210021,punw,pune,1,pune,415051,India,abc,BC,10000,100M,cds,a2,b2
Mr,pooja,mahesh,shinde,p@gmail.com,abc,Director,other,hi,kkkkk,information,,9600210021,9800210021,punw,pune,1,pune,415051,India,abc,BC,10000,100M,cds,a2,b2
Mr,pooja,mahesh,shinde,p@gmail.com,abc,Director,other,hi,kkkkk,information,,9600210021,9800210021,punw,pune,1,pune,415051,India,abc,BC,10000,100M,cds,a2,b2
Mr,pooja,mahesh,shinde,p@gmail.com,abc,Director,other,hi,kkkkk,information,,9600210021,9800210021,punw,pune,1,pune,415051,India,abc,BC,10000,100M,cds,a2,b2
Mr,pooja,mahesh,shinde,p@gmail.com,abc,Director,other,hi,kkkkk,information,,9600210021,9800210021,punw,pune,1,pune,415051,India,abc,BC,10000,100M,cds,a2,b2
Mr,pooja,mahesh,shinde,p@gmail.com,abc,Director,other,hi,kkkkk,information,,9600210021,9800210021,punw,pune,1,pune,415051,India,abc,BC,10000,100M,cds,a2,b2
Mr,pooja,mahesh,shinde,p@gmail.com,abc,Director,other,hi,kkkkk,information,,9600210021,9800210021,punw,pune,1,pune,415051,India,abc,BC,10000,100M,cds,a2,b2
Mr,pooja,mahesh,shinde,p@gmail.com,abc,Director,other,hi,kkkkk,information,,9600210021,9800210021,punw,pune,1,pune,415051,India,abc,BC,10000,100M,cds,a2,b2
Mr,pooja,mahesh,shinde,p@gmail.com,abc,Director,other,hi,kkkkk,information,,9600210021,9800210021,punw,pune,1,pune,415051,India,abc,BC,10000,100M,cds,a2,b2
Mr,pooja,mahesh,shinde,p@gmail.com,abc,Director,other,hi,kkkkk,information,,9600210021,9800210021,punw,pune,1,pune,415051,India,abc,BC,10000,100M,cds,a2,b2
